cpuName,price,cpuMark,threadMark,cores,testDate
Intel Xeon Platinum 8380 @ 2.30GHz,8978,62317,2385,40,2021
Intel Xeon Platinum 8280 @ 2.70GHz,8870.46,37575,2011,28,2020
AMD Ryzen Threadripper 3990X,8399.69,81568,2569,64,2020
Intel Xeon Platinum 8168 @ 2.70GHz,7829,32616,2138,24,2017
Intel Xeon Platinum 8260M @ 2.30GHz,7705,33970,2315,24,2020
Intel Xeon Gold 6138T @ 2.00GHz,7528,24800,2050,20,2020
Intel Xeon W-3275M @ 2.50GHz,7453,40767,2725,28,2020
AMD EPYC 7763,7299.99,88338,2635,64,2021
AMD EPYC 7713,7060,85861,2727,64,2021
AMD EPYC 7662,6817,71576,2054,64,2021
AMD Ryzen Threadripper PRO 3995WX,6807.98,83971,2626,64,2020
Intel Xeon W-3265M @ 2.70GHz,6353,39620,2718,24,2021
Intel Xeon Platinum 8268 @ 2.90GHz,6005.98,30103,2167,24,2019
AMD EPYC 73F3,5992,46085,2878,16,2021
Intel Xeon E5-2699 v4 @ 2.20GHz,5957.96,24619,1937,22,2016
Intel Xeon E5-4667 v3 @ 2.00GHz,5729,15397,1461,16,2018
AMD EPYC 7643,5424.99,76455,2695,48,2021
Intel Xeon E5-4669 v3 @ 2.10GHz,5400,17430,1474,18,2015
Intel Xeon Platinum 8358 @ 2.60GHz,5097.75,54416,2382,32,2021
AMD EPYC 7742,5045.99,68749,2145,64,2019
AMD EPYC 74F3,4989,60948,2975,24,2021
Intel Xeon E5-2699A v4 @ 2.40GHz,4938,14917,1037,22,2019
Intel Xeon E5-4660 v3 @ 2.10GHz,4800,14256,1558,14,2017
Intel Xeon E5-1680 v4 @ 3.40GHz,4719,14120,2348,8,2016
Intel Xeon E5-4655 v3 @ 2.90GHz,4616,9377,1817,6,2018
Intel Xeon W-3265 @ 2.70GHz,4551.37,30105,2572,24,2019
AMD Ryzen Threadripper PRO 3975WX,4499.99,63495,2666,32,2020
AMD EPYC 7702,4000,71646,2097,64,2020
Intel Xeon Gold 6336Y @ 2.40GHz,3850.34,45517,2522,24,2021
Intel Xeon Gold 6252 @ 2.10GHz,3850,32410,2143,24,2019
Intel Xeon E5-4650 v3 @ 2.10GHz,3838,10838,1384,12,2018
Intel Xeon Gold 6342 @ 2.80GHz,3825.9,48330,2453,24,2021
Intel Xeon Gold 6154 @ 3.00GHz,3798.95,28848,2264,18,2017
AMD EPYC 7543,3761,56562,2563,32,2021
AMD EPYC 7642,3684,67748,2155,48,2021
Intel Xeon Gold 6254 @ 3.10GHz,3626.37,29356,2381,18,2019
AMD EPYC 7501,3616,24925,1925,32,2017
AMD EPYC 7702P,3499.99,61689,2110,64,2019
Intel Xeon Gold 6246R @ 3.40GHz,3389.78,30220,2321,16,2020
Intel Xeon Gold 6348 @ 2.60GHz,3173,53112,2455,28,2021
Intel Xeon Gold 6152 @ 2.10GHz,3167.14,22291,2155,22,2018
Intel Xeon Gold 6246 @ 3.30GHz,3113.22,24446,2450,12,2019
AMD EPYC 7F52,3100,40951,2446,16,2020
Intel Xeon Gold 6248R @ 3.00GHz,3095,38604,2296,24,2020
Intel Xeon Gold 6146 @ 3.20GHz,3062,23432,2493,12,2018
AMD EPYC 7543P,2999,67144,2742,32,2021
AMD Ryzen Threadripper 3970X,2997.99,63835,2694,32,2019
AMD EPYC 7551,2974.12,22005,1736,32,2017
Intel Xeon Gold 6244 @ 3.60GHz,2970,20402,2752,8,2019
Intel Xeon Gold 6248 @ 2.50GHz,2940,24234,2290,20,2019
Intel Xeon Gold 6354 @ 3.00GHz,2932.63,41434,2406,18,2021
AMD EPYC 7513,2840,59732,2447,32,2021
Intel Xeon Gold 6148 @ 2.40GHz,2817,28962,2182,20,2018
Intel Xeon E5-2696 v4 @ 2.20GHz,2793.95,23207,2248,22,2016
Intel Xeon Platinum 8176 @ 2.10GHz,2793.7,23179,2048,28,2019
AMD EPYC 7502,2750,49177,1843,32,2020
Intel Xeon E5-2679 v4 @ 2.50GHz,2702,23512,1951,20,2016
Intel Xeon Gold 6238 @ 2.10GHz,2698.95,27617,1691,22,2019
AMD EPYC 7502P,2696.51,48995,1894,32,2019
Intel Xeon W-3245 @ 3.20GHz,2683.99,30549,2537,16,2020
Intel Xeon Gold 6238R @ 2.20GHz,2667,37511,2362,28,2021
Intel Xeon Gold 6334 @ 3.60GHz,2570.41,22160,2592,8,2021
Intel Xeon Gold 6136 @ 3.00GHz,2500,22266,2224,12,2017
Intel Xeon E5-2643 v3 @ 3.40GHz,2499.95,10391,2071,6,2015
Intel Xeon E5-2696 v3 @ 2.30GHz,2498,23556,2209,18,2015
Intel Xeon Gold 6242R @ 3.10GHz,2472.14,35352,2426,20,2020
Intel Xeon Gold 6242 @ 2.80GHz,2465.14,26288,2196,16,2019
Intel Xeon Gold 6150 @ 2.70GHz,2411,24489,2190,18,2017
Intel Xeon E5-4627 v3 @ 2.60GHz,2400,11344,1749,10,2016
Intel Xeon Platinum 8160 @ 2.10GHz,2348.7,26485,1984,24,2017
Intel Xeon Gold 6346 @ 3.10GHz,2279,37606,2455,16,2021
AMD EPYC 7452,2209.97,41871,1689,32,2019
Intel Core i9-9990XE @ 4.00GHz,2163,30162,2970,14,2020
Intel Xeon Gold 6132 @ 2.60GHz,2139.95,21042,2180,14,2018
AMD Ryzen Threadripper 2990WX,2100,32475,2290,32,2018
Intel Xeon Gold 6144 @ 3.50GHz,2097,18656,2523,8,2017
AMD EPYC 7302P,2069.95,32480,1878,16,2019
AMD EPYC 7451,2015.12,20471,1975,24,2018
Intel Xeon Gold 6212U @ 2.40GHz,2000,27470,2013,24,2019
AMD EPYC 7413,1997.99,46295,1983,24,2021
AMD Ryzen Threadripper PRO 3955WX,1995,40225,2696,16,2020
Intel Xeon Gold 6230 @ 2.10GHz,1990,26657,2285,20,2019
Intel Xeon D-2187NT @ 2.00GHz,1989,18070,1425,16,2020
Intel Xeon Gold 6130T @ 2.10GHz,1988,21803,1698,16,2020
Intel Xeon W-2195 @ 2.30GHz,1983.82,27325,2413,18,2017
AMD EPYC 7402,1962,51368,2081,24,2020
Intel Xeon E5-2673 v4 @ 2.30GHz,1950,17533,1909,20,2016
Intel Xeon D-2799 @ 2.40GHz,1933,33792,2404,20,2022
Intel Xeon Gold 6330 @ 2.00GHz,1904,43056,2034,28,2021
Intel Xeon Gold 6230R @ 2.10GHz,1870,32223,2020,26,2021
Intel Xeon E5-2658A v3 @ 2.20GHz,1832,14879,1688,12,2019
Intel Xeon W-3235 @ 3.30GHz,1829.99,25974,2622,12,2019
AMD EPYC 7371,1808.99,31094,2377,16,2019
AMD EPYC 7453,1799,53511,2580,28,2021
AMD EPYC 7542,1789.99,56728,2207,32,2019
Intel Xeon E7- 2830 @ 2.13GHz,1779,2027,559,4,2018
Intel Xeon Gold 6130 @ 2.10GHz,1770,20721,1880,16,2017
Intel Xeon Gold 6226 @ 2.70GHz,1769.98,19810,2104,12,2020
Intel Xeon D-2183IT @ 2.20GHz,1764,18385,1728,16,2018
Intel Xeon Gold 6312U @ 2.40GHz,1736.62,43745,2383,24,2021
Intel Xeon Gold 5120T @ 2.20GHz,1727,17540,1827,14,2018
Intel Xeon Gold 6128 @ 3.40GHz,1719,14273,2247,6,2017
Intel Xeon Gold 5220R @ 2.20GHz,1712,33370,2399,24,2021
AMD Opteron 6378,1709.92,5889,1127,8,2015
AMD EPYC 7343,1699.99,45882,2947,16,2021
Intel Xeon Gold 6134 @ 3.20GHz,1699.99,16518,2240,8,2017
AMD Ryzen Threadripper 3960X,1682.9,54757,2678,24,2019
Intel Xeon Gold 5220 @ 2.20GHz,1674.44,25740,2396,18,2019
Intel Xeon Gold 6138 @ 2.00GHz,1662.95,22851,2220,20,2017
Intel Xeon Gold 5217 @ 3.00GHz,1645,15429,2173,8,2019
Intel Xeon Gold 6326 @ 2.90GHz,1605.79,35328,2356,16,2021
Intel Xeon W-3175X @ 3.10GHz,1595.96,37167,2148,28,2019
Intel Xeon Gold 5120 @ 2.20GHz,1561,17686,1847,14,2017
Intel Core i7-8705G @ 3.10GHz,1535.11,7947,2288,4,2018
Intel Xeon W-2155 @ 3.30GHz,1530.39,21198,2637,10,2018
Intel Xeon E5-2648L v3 @ 1.80GHz,1530.37,9847,1292,12,2016
Intel Xeon Gold 6210U @ 2.50GHz,1524.89,28915,2203,20,2019
Intel Xeon W-2295 @ 3.00GHz,1504.63,31680,2696,18,2020
AMD EPYC 7443P,1499.99,57666,2965,24,2021
AMD EPYC 7301,1499.98,14991,1363,16,2019
Intel Core i9-9960X @ 3.10GHz,1498.95,30655,2631,16,2019
Intel Xeon E5-2683 v3 @ 2.00GHz,1498.95,14829,1571,14,2015
Intel Xeon E5-1660 v4 @ 3.20GHz,1494,13340,2193,8,2016
Intel Xeon Gold 5222 @ 3.80GHz,1476.32,9428,2372,4,2019
Intel Core i9-9980XE @ 3.00GHz,1442.21,31905,2566,18,2018
AMD EPYC 7402P,1428.93,41741,1970,24,2019
Intel Xeon E5-2448L v2 @ 1.80GHz,1424,6774,1235,10,2018
Intel Xeon Gold 6208U @ 2.90GHz,1406.99,26901,2247,16,2020
Intel Xeon Gold 5218 @ 2.30GHz,1405.64,22117,2245,16,2019
Intel Xeon Gold 5215 @ 2.50GHz,1384.95,15420,1866,10,2019
Intel Xeon E-2286M @ 2.40GHz,1373.18,15249,2778,8,2019
Intel Xeon Gold 6226R @ 2.90GHz,1372.08,27211,2290,16,2020
Intel Xeon E5-2650L v3 @ 1.80GHz,1365,11820,1397,12,2015
Intel Xeon E5-2628L v4 @ 1.90GHz,1364,11079,1433,12,2017
Intel Xeon Gold 5318Y @ 2.10GHz,1361,26400,1826,24,2022
Intel Core i7-9850H @ 2.60GHz,1305.76,11483,2550,6,2019
Intel Xeon W-3335 @ 3.40GHz,1299,38944,2556,16,2022
Intel Xeon E5-2648L v4 @ 1.80GHz,1298.7,11547,1435,14,2017
AMD EPYC 7352,1280,40472,1995,24,2021
Intel Xeon Gold 5218R @ 2.10GHz,1268.96,25191,2200,20,2021
Intel Xeon Gold 5315Y @ 3.20GHz,1267.68,21225,2524,8,2021
Intel Xeon E3-1285L v4 @ 3.40GHz,1230,8022,2340,4,2016
Intel Xeon W-2145 @ 3.70GHz,1224.67,18225,2625,8,2017
Intel Xeon E5-4610 v3 @ 1.70GHz,1219,7229,1027,10,2019
Intel Xeon E3-1575M v5 @ 3.00GHz,1207,7629,2125,4,2016
Intel Xeon E5-2650 v4 @ 2.20GHz,1199.99,13489,1578,12,2016
AMD EPYC 7313,1179.99,40575,2610,16,2021
Intel Xeon D-1577 @ 1.30GHz,1176,11645,1319,16,2020
Intel Xeon Gold 6126 @ 2.60GHz,1160,19223,2019,12,2018
Intel Xeon Silver 4316 @ 2.30GHz,1129.22,37264,2380,20,2021
Intel Xeon Gold 5317 @ 3.00GHz,1119.25,28580,2437,12,2021
AMD EPYC 7302,1115.12,33015,1978,16,2020
Intel Xeon W-2275 @ 3.30GHz,1112,27904,2790,14,2020
Intel Xeon Silver 4116T @ 2.10GHz,1112,15187,1781,12,2021
AMD EPYC 7251,1111,14935,1671,8,2018
AMD EPYC 7281,1098.95,21230,1613,16,2017
Intel Xeon Silver 4216 @ 2.10GHz,1096.66,19451,1775,16,2019
Intel Core i7-8650U @ 1.90GHz,1049,6358,2154,4,2017
Intel Xeon E5-2618L v3 @ 2.30GHz,1029.95,10464,1872,8,2017
Intel Celeron G3920 @ 2.90GHz,1018,2310,1740,2,2016
Intel Celeron G4950 @ 3.30GHz,1008.66,2714,2041,2,2021
Intel Xeon W-2135 @ 3.70GHz,1007.7,14109,2592,6,2017
Intel Xeon D-2166NT @ 2.00GHz,1005,15105,1751,12,2020
Intel Xeon Gold 6140 @ 2.30GHz,1000,22733,1840,18,2017
Intel Core i9-10980XE @ 3.00GHz,999.99,33408,2667,18,2019
Intel Xeon E5-4627 v4 @ 2.60GHz,999.99,12969,2030,10,2017
Intel Xeon W-2245 @ 3.90GHz,999.9,19446,2763,8,2020
Intel Core i9-9920X @ 3.50GHz,999,25291,2621,12,2018
Intel Core i3-4150 @ 3.50GHz,999,3360,1933,2,2014
Intel Core i3-6100T @ 3.20GHz,999,3617,1891,2,2015
Intel Xeon W-2125 @ 4.00GHz,998.95,10039,2599,4,2017
Intel Xeon W-1290P @ 3.70GHz,997.98,22997,3204,10,2020
Intel Core i9-7960X @ 2.80GHz,990.97,26699,2525,16,2017
AMD Ryzen Threadripper 2950X,990,29981,2488,16,2018
Intel Xeon E3-1276 v3 @ 3.60GHz,978,7345,2258,4,2014
Intel Xeon E5-2687W v4 @ 3.00GHz,975.1,17757,2065,12,2016
Intel Core i7-9750H @ 2.60GHz,960,11207,2487,6,2019
Intel Xeon W-3323 @ 3.50GHz,949,25875,2617,12,2021
Intel Xeon E5-2648L v2 @ 1.90GHz,945,8611,1350,10,2017
Intel Xeon W-2265 @ 3.50GHz,944,25984,2810,12,2020
Intel Xeon E3-1265L @ 2.40GHz,918.35,3589,1451,4,2015
Intel Xeon E3-1230 v5 @ 3.40GHz,916,7880,2122,4,2016
AMD EPYC 7313P,913,40879,2608,16,2021
Intel Xeon E3-1270 v5 @ 3.60GHz,912,8317,2279,4,2015
Intel Xeon E5-2698 v4 @ 2.20GHz,908.7,21755,2141,20,2016
Intel Xeon Gold 5122 @ 3.60GHz,904.33,8771,2120,4,2017
Intel Xeon E3-1285L v3 @ 3.10GHz,899.99,6848,2132,4,2014
AMD EPYC 7601,899.95,42244,1941,32,2017
Intel Core i9-9900KS @ 4.00GHz,898.3,19518,3039,8,2019
Intel Xeon E3-1240L v3 @ 2.00GHz,895.5,5304,1769,4,2015
Intel Core i7-4790T @ 2.70GHz,893,6291,2100,4,2014
AMD EPYC 7351,883.99,23566,1821,16,2019
Intel Xeon E5-2697 v4 @ 2.30GHz,874,21545,1963,18,2016
Intel Xeon Silver 4215 @ 2.50GHz,869.95,14439,2060,8,2019
Intel Xeon Silver 4314 @ 2.40GHz,867.3,30043,2179,16,2021
Intel Xeon Silver 4215R @ 3.20GHz,860,15147,2349,8,2020
AMD Opteron 6380,855.79,6645,1096,8,2015
Intel Core i9-9940X @ 3.30GHz,841.4,28411,2647,14,2018
AMD FX-8310 Eight-Core,831.15,5145,1413,4,2014
Intel Xeon E3-1246 v3 @ 3.50GHz,826,7218,2189,4,2014
Intel Xeon W-3223 @ 3.50GHz,820.55,17456,2503,8,2020
Intel Core i9-7980XE @ 2.60GHz,816.42,29842,2474,18,2017
Intel Core i9-12900KS,779.98,44243,4317,8,2022
Intel Xeon E5-4620 v3 @ 2.00GHz,778.7,10525,1486,10,2019
Intel Xeon W-2255 @ 3.70GHz,778,22042,2727,10,2020
Intel Xeon Silver 4114 @ 2.20GHz,775,13169,1681,10,2017
Intel Xeon E3-1286L v3 @ 3.20GHz,774,6450,2207,4,2018
Intel Core i9-10940X @ 3.30GHz,771.99,28619,2724,14,2019
Intel Xeon Silver 4214Y @ 2.20GHz,768,15248,1790,12,2020
Intel Xeon Silver 4214 @ 2.20GHz,761.7,15772,1712,12,2019
AMD Ryzen Threadripper 2920X,761,25203,2482,12,2018
Intel Xeon E5-4657L v2 @ 2.40GHz,751.19,12495,1478,12,2015
AMD EPYC 7351P,739,25484,1809,16,2017
Intel Core i7-7567U @ 3.50GHz,733.99,4256,2261,2,2017
AMD FX-4330,733.5,3248,1563,2,2015
AMD EPYC 7282,722.97,31631,1987,16,2019
Intel Core i7-7820X @ 3.60GHz,709,17283,2539,8,2017
Intel Xeon Silver 4214R @ 2.40GHz,707.81,18846,2023,12,2020
Intel Core i7-8665U @ 1.90GHz,704.49,6383,2236,4,2019
Intel Core i5-10210U @ 1.60GHz,702.62,6401,2233,4,2019
Intel Xeon E5-2618L v4 @ 2.20GHz,700.39,12816,2013,10,2017
Intel Xeon E5-2673 v3 @ 2.40GHz,700,14112,1723,12,2015
Intel Xeon E5-2650L v4 @ 1.70GHz,700,11436,1385,14,2017
Intel Core i7-4940MX @ 3.10GHz,699.95,7060,2286,4,2014
Intel Xeon Gold 5118 @ 2.30GHz,699,16287,1746,12,2017
Intel Xeon D-1557 @ 1.50GHz,694,7118,718,12,2019
Intel Core i9-9820X @ 3.30GHz,685,18288,2406,10,2018
AMD Ryzen Threadripper 1950X,684.47,28037,2293,16,2017
Intel Core i9-10920X @ 3.50GHz,679.99,26696,2766,12,2019
Intel Xeon Silver 4309Y @ 2.80GHz,677.5,19010,2494,8,2021
AMD Ryzen Threadripper 2970WX,669,30433,2358,24,2018
Intel Xeon Silver 4310T @ 2.30GHz,668.18,20973,2288,10,2021
Intel Core i5-4460S @ 2.90GHz,659.99,4503,1847,4,2014
Intel Core i9-9900X @ 3.50GHz,654.99,21868,2604,10,2018
AMD Ryzen 9 3950X,650,39157,2738,16,2019
Intel Core i7-9800X @ 3.80GHz,650,18240,2595,8,2018
AMD Ryzen 9 5950X,649.74,46195,3498,16,2020
Intel Core i7-10710U @ 1.10GHz,644.99,10126,2460,6,2019
Intel Xeon D-2146NT @ 2.30GHz,641,11736,1802,8,2019
Intel Core i9-12900HK,635,30213,3946,6,2022
Intel Core i5-7300U @ 2.60GHz,627,3750,1968,2,2017
Intel Xeon W-11955M @ 2.60GHz,623,23859,3375,8,2021
Intel Xeon W-10885M @ 2.40GHz,623,16013,2768,8,2020
Intel Xeon E-2186M @ 2.90GHz,623,10904,2481,6,2018
Intel Xeon E3-1535M v6 @ 3.10GHz,623,8184,2386,4,2017
Intel Xeon E3-1535M v5 @ 2.90GHz,623,7523,2124,4,2015
Intel Core i9-9900K @ 3.60GHz,622,18716,2960,8,2018
Intel Xeon W-1290 @ 3.20GHz,619,20533,3093,10,2020
Intel Core i7-6770HQ @ 2.60GHz,619,7145,1966,4,2016
AMD Ryzen 9 3900XT,618.77,32869,2786,12,2020
Intel Core i9-12900H,617,29714,3974,6,2022
Intel Core i7-8559U @ 2.70GHz,617,8745,2580,4,2018
Intel Xeon W-2133 @ 3.60GHz,617,12438,2274,6,2017
Intel Core i7-8565U @ 1.80GHz,615,6358,2246,4,2018
Intel Xeon Silver 4310 @ 2.10GHz,608.77,23589,2200,12,2021
Intel Xeon Silver 4109T @ 2.00GHz,607.75,10348,1445,8,2018
Intel Core i7-5557U @ 3.10GHz,605.99,3181,1947,2,2015
AMD EPYC 7272,605.45,26446,2013,12,2020
Intel Core i9-12900K,599.95,41077,4209,8,2021
AMD Ryzen 7 5800X3D,599,25508,2850,8,2022
AMD Athlon 5370 APU,598.68,1923,755,4,2016
Intel Xeon W-1250P @ 4.10GHz,596.66,14924,2985,6,2021
Intel Xeon E3-1230 v6 @ 3.50GHz,595.44,8408,2352,4,2017
Intel Xeon E3-1280 v6 @ 3.90GHz,592.18,9166,2561,4,2017
Intel Xeon E5-2695 v4 @ 2.10GHz,592.1,20373,1948,18,2016
Intel Xeon E5-1680 v3 @ 3.20GHz,589.99,13214,2127,8,2015
Intel Core i9-11980HK @ 2.60GHz,583,23629,3312,8,2021
Intel Core i9-10980HK @ 2.40GHz,583,16271,2869,8,2020
Intel Core i9-9980HK @ 2.40GHz,583,14728,2620,8,2019
Intel Core i9-8950HK @ 2.90GHz,583,10803,2489,6,2018
Intel Xeon W-2235 @ 3.80GHz,582.99,14332,2662,6,2020
Intel Core i9-12900KF,572.98,41163,4217,8,2021
AMD EPYC 7262,571.95,20827,2026,8,2019
Intel Xeon D-1537 @ 1.70GHz,571,7176,1104,8,2018
Intel Core i7-7920HQ @ 3.10GHz,568,7449,2226,4,2017
Intel Core i7-6920HQ @ 2.90GHz,568,7378,2119,4,2016
Intel Xeon D-2143IT @ 2.20GHz,566,13107,1812,8,2018
Intel Core i9-10900X @ 3.70GHz,560,22683,2696,10,2019
Intel Core i9-11950H @ 2.60GHz,556,22570,3298,8,2021
Intel Core i9-10885H @ 2.40GHz,556,15679,2810,8,2020
Intel Core i9-9880H @ 2.30GHz,556,13979,2555,8,2019
Intel Xeon E3-1585 v5 @ 3.50GHz,556,8408,2402,4,2017
Intel Xeon D-2141I @ 2.20GHz,555,12177,1756,8,2019
Intel Xeon D-1548 @ 2.00GHz,555,9075,1647,8,2019
Octa Core,552.5,940,400,8,2021
Intel Xeon E-2286G @ 4.00GHz,551.26,14384,2846,6,2019
Intel Xeon Silver 4112 @ 2.60GHz,550,6420,1690,4,2018
Intel Core i7-8086K @ 4.00GHz,549,14550,2895,6,2018
Intel Core i9-7940X @ 3.10GHz,548.87,26508,2490,14,2017
AMD Opteron 3320 EE,548,1918,838,2,2016
Intel Xeon E3-1281 v3 @ 3.70GHz,546.25,7406,2340,4,2015
Intel Core i9-11900H @ 2.50GHz,546,21385,3202,8,2021
Intel Xeon E3-1285 v6 @ 4.10GHz,544.91,9276,2692,4,2018
Intel Xeon E-2186G @ 3.80GHz,542.78,13909,2780,6,2018
Intel Xeon E5-2403 v2 @ 1.80GHz,541,2873,991,4,2015
Intel Core i5-8365U @ 1.60GHz,539.07,6239,2166,4,2019
Intel Xeon E-2388G @ 3.20GHz,539,23501,3323,8,2021
Intel Core i9-11900KB @ 3.30GHz,539,22769,3303,8,2021
Intel Xeon E-2288G @ 3.70GHz,539,17313,2927,8,2019
Intel Core i7-7500U @ 2.70GHz,539,3658,1948,2,2016
Intel Xeon Silver 4110 @ 2.10GHz,530,10246,1613,8,2017
Intel Core i9-12900F,529.99,35726,4045,8,2022
Intel Core i5-5250U @ 1.60GHz,529.99,2504,1569,2,2015
Intel Core i3-6100U @ 2.30GHz,529.99,2640,1347,2,2015
Intel Pentium Silver J5005 @ 1.50GHz,521.99,3040,1206,4,2017
Intel Core i5-8259U @ 2.30GHz,519.99,8131,2246,4,2018
Intel Xeon Silver 4210R @ 2.40GHz,519.99,15030,1831,10,2020
AMD Ryzen 9 3900,517.27,30660,2627,12,2019
Intel Xeon W-2225 @ 4.10GHz,513,10844,2667,4,2020
Intel Xeon E-2104G @ 3.20GHz,510,6057,1963,4,2018
Intel Core i9-12900,509,38281,4162,8,2022
HP Hexa-Core 2.0GHz,504.27,1741,804,4,2014
Intel Core i9-9900KF @ 3.60GHz,502.13,18691,2968,8,2019
Intel Xeon W-1290E @ 3.50GHz,500,22066,2914,10,2021
Intel Atom Z3775 @ 1.46GHz,500,754,538,4,2014
Intel Atom Z3735F @ 1.33GHz,500,544,390,4,2014
Intel Core i3-8109U @ 3.00GHz,499.99,4301,2133,2,2018
Intel Core i5-8265U @ 1.60GHz,499.88,6103,2122,4,2018
Intel Xeon E5-2629 v3 @ 2.40GHz,499.88,9139,1426,8,2016
Intel Core i5-7200U @ 2.50GHz,499,3409,1778,2,2016
Intel Core i5-6260U @ 1.80GHz,499,3207,1665,2,2015
Intel Xeon E3-1231 v3 @ 3.40GHz,498.95,6998,2152,4,2014
Intel Xeon E5-4627 v2 @ 3.30GHz,498.95,9320,1786,8,2015
Intel Xeon E5-2690 v4 @ 2.60GHz,498.31,20094,1971,14,2016
Intel Xeon E3-1245 v6 @ 3.70GHz,496.3,8659,2441,4,2017
Intel Xeon W-1290T @ 1.90GHz,494,18409,2974,10,2021
Intel Xeon E-2278G @ 3.40GHz,494,17706,2951,8,2019
Intel Xeon E-2278GE @ 3.30GHz,494,15252,2639,8,2020
Intel Xeon E-2278GEL @ 2.00GHz,494,12024,2428,8,2019
Intel Xeon Silver 4108 @ 1.80GHz,489.95,9262,1558,8,2018
Intel Core i9-12900T,489,34999,4032,8,2022
Intel Xeon D-1539 @ 1.60GHz,486,7175,1179,8,2019
Intel Xeon Silver 4208 @ 2.10GHz,482.01,11137,1821,8,2019
Intel Core i7-11375H @ 3.30GHz,482,12383,3105,4,2021
Intel Xeon W-1390 @ 2.80GHz,469.99,23515,3358,8,2021
Intel Core i5-7260U @ 2.20GHz,469.99,3895,1989,2,2017
Intel Core i3-7100U @ 2.40GHz,462,2721,1391,2,2016
Intel Xeon E5-2640 v4 @ 2.40GHz,461,11950,1818,10,2016
Intel Core i3-7130U @ 2.70GHz,459.99,2983,1578,2,2017
Intel Core i7-4910MQ @ 2.90GHz,459.95,6265,2019,4,2014
Intel Core i3-5020U @ 2.20GHz,459,2226,1279,2,2015
Intel Core i9-9900 @ 3.10GHz,458.99,16873,2863,8,2019
Intel Core i7-12700H,457,27391,3766,6,2022
Intel Core i7-12800H,457,19052,3604,6,2022
Intel Xeon E3-1268L v5 @ 2.40GHz,456.54,6079,1654,4,2018
Intel Xeon E5-1650 v4 @ 3.60GHz,453.7,11534,2406,6,2016
Intel Xeon W-11855M @ 3.20GHz,450,18857,3319,6,2021
Intel Core i7-10875H @ 2.30GHz,450,15426,2778,8,2020
Intel Xeon W-10855M @ 2.80GHz,450,12955,2776,6,2020
Intel Xeon E-2276M @ 2.80GHz,450,11818,2648,6,2019
Intel Xeon E-2176M @ 2.70GHz,450,10946,2454,6,2018
Intel Xeon E-2276ME @ 2.80GHz,450,8167,1604,6,2021
Intel Xeon Silver 4210 @ 2.20GHz,449,14285,1858,10,2019
Intel Atom C3958 @ 2.00GHz,449,4281,514,16,2019
Intel Xeon E-2176G @ 3.70GHz,448,13643,2749,6,2018
Intel Core i7-10700T @ 2.00GHz,447.99,13119,2661,8,2020
Intel Xeon E3-1585L v5 @ 3.00GHz,445,8021,2179,4,2018
Intel Pentium N3700 @ 1.60GHz,444.78,1288,636,4,2015
Intel Xeon E3-1275 v5 @ 3.60GHz,444.04,8421,2327,4,2015
Intel Core i9-10900E @ 2.80GHz,444,20658,2969,10,2021
Intel Core i9-10900TE @ 1.80GHz,444,17888,2684,10,2021
Intel Core i7-10810U @ 1.10GHz,443,8353,2322,6,2020
Intel Xeon E-2276G @ 3.80GHz,442.9,13371,2894,6,2019
Intel Xeon E5-2608L v3 @ 2.00GHz,441,6415,1210,6,2018
Intel Core i5-8260U @ 1.60GHz,439.99,7854,2313,4,2020
Intel Core i9-11900T @ 1.50GHz,439,20225,3419,8,2021
Intel Core i9-10900T @ 1.90GHz,439,15134,2523,10,2020
Intel Core i9-9900T @ 2.10GHz,439,13947,2505,8,2019
Intel Core i7-5850EQ @ 2.70GHz,435,7036,2119,4,2018
Intel Core i3-10110U @ 2.10GHz,434.17,4005,2266,2,2019
Intel Core i7-5850HQ @ 2.70GHz,434,6866,2219,4,2015
Intel Core i7-1185G7E @ 2.80GHz,431,11114,3017,4,2021
Intel Core i7-8569U @ 2.80GHz,431,8523,2773,4,2020
Intel Core i7-8557U @ 1.70GHz,431,8225,2571,4,2019
Intel Xeon W-1270P @ 3.80GHz,428,19245,3074,8,2020
Intel Xeon W-2123 @ 3.60GHz,427.11,8489,2229,4,2017
Intel Core i7-1265U,426,12334,3422,2,2022
Intel Core i7-1195G7 @ 2.90GHz,426,11019,3084,4,2021
Intel Core i7-11390H @ 3.40GHz,426,10897,3053,4,2021
Intel Core i7-11370H @ 3.30GHz,426,12098,3017,4,2021
Intel Core i7-1185G7 @ 3.00GHz,426,10948,2899,4,2020
Intel Core i7-1165G7 @ 2.80GHz,426,10595,2877,4,2020
Intel Core i7-1160G7 @ 1.20GHz,426,10316,2827,4,2021
Intel Core i7-1068NG7 @ 2.30GHz,426,10093,2484,4,2020
Intel Core i7-1065G7 @ 1.30GHz,426,8668,2401,4,2019
Intel Core i7-1180G7 @ 1.30GHz,426,6607,2323,4,2021
Intel Core i7-9700KF @ 3.60GHz,424.99,14499,2920,8,2019
Intel Xeon E5-2683 v4 @ 2.10GHz,421,17388,1633,16,2016
Intel Core i3-4150T @ 3.00GHz,417.42,2867,1597,2,2014
Intel Core i7-10870H @ 2.20GHz,417,15027,2726,8,2020
Intel Xeon E3-1220 v6 @ 3.00GHz,416.68,5729,1938,4,2017
Intel Core i7-6660U @ 2.40GHz,415,3851,1983,2,2018
Intel Xeon E-2244G @ 3.80GHz,413,9826,2807,4,2019
Intel Xeon W-1370P @ 3.60GHz,411.99,25202,3494,8,2021
Intel Core i7-12700K,409,34125,4047,8,2021
Intel Core i7-10510U @ 1.80GHz,409,6837,2363,4,2019
Intel Core i7-10610U @ 1.80GHz,409,7062,2362,4,2020
Intel Core i7-8665UE @ 1.70GHz,409,5017,1538,4,2019
Intel Core i9-10850K @ 3.60GHz,408.44,23055,3091,10,2020
Intel Core i7-10510Y @ 1.20GHz,403,5016,1957,4,2020
Intel Xeon E5-2680 v4 @ 2.40GHz,402.19,17737,1949,14,2016
Intel Xeon E3-1225 v5 @ 3.30GHz,399,5961,2064,4,2016
Intel Core i9-11900K @ 3.50GHz,397.97,25539,3519,8,2021
Intel Core i7-11850H @ 2.50GHz,395,21212,3219,8,2021
Intel Core i7-11600H @ 2.90GHz,395,16403,3185,6,2021
Intel Core i7-11800H @ 2.30GHz,395,21363,3134,8,2021
Intel Core i7-10850H @ 2.70GHz,395,12124,2740,6,2020
Intel Core i7-9750HF @ 2.60GHz,395,11391,2539,6,2020
Intel Xeon W-2175 @ 2.50GHz,395,23215,2481,14,2019
Intel Core i7-8850H @ 2.60GHz,395,10333,2399,6,2018
Intel Xeon E3-1280 v5 @ 3.70GHz,395,8320,2343,4,2016
Intel Core i7-8750H @ 2.20GHz,395,10085,2331,6,2018
Intel Core i7-9850HL @ 1.90GHz,395,9112,2139,6,2019
AMD Ryzen 9 5900X,393.03,39457,3494,12,2020
Intel Core i7-6500U @ 2.50GHz,393,3278,1708,2,2015
Intel Core i7-8500Y @ 1.50GHz,393,2587,1477,2,2018
AMD Ryzen 7 3800XT,391.65,23815,2845,8,2020
Intel Core i7-9700K @ 3.60GHz,390.99,14550,2899,8,2018
AMD EPYC 7232P,390.27,17017,1549,8,2020
Intel Core i7-7700T @ 2.90GHz,390,7561,2156,4,2017
Intel Xeon Silver 4116 @ 2.10GHz,389.99,14931,1709,12,2018
Intel Core i9-10900K @ 3.70GHz,389.97,23768,3167,10,2020
Intel Core i9-10900 @ 2.80GHz,389.97,20446,3057,10,2020
Intel Xeon E-2378 @ 2.60GHz,386,18248,3258,8,2022
Intel Core i7-6900K @ 3.20GHz,384.95,14291,2361,8,2016
Intel Xeon E5-2643 v4 @ 3.40GHz,383.5,11152,2249,6,2016
AMD A10-7870K,382.46,3485,1510,2,2015
AMD EPYC 7252,381.22,19550,1992,8,2021
Intel Core i9-11900F @ 2.50GHz,379.99,23814,3528,8,2021
Intel Core i9-11900KF @ 3.50GHz,379.98,25390,3563,8,2021
Intel Core i7-7820EQ @ 3.00GHz,378,7453,2207,4,2019
Intel Core i7-7820HK @ 2.90GHz,378,7682,2179,4,2017
Intel Core i7-7820HQ @ 2.90GHz,378,7209,2140,4,2017
Intel Core i7-7700HQ @ 2.80GHz,378,6957,2070,4,2016
Intel Core i7-6820HK @ 2.70GHz,378,6906,1941,4,2015
Intel Core i7-6700HQ @ 2.60GHz,378,6544,1919,4,2015
Intel Core i7-4710HQ @ 2.50GHz,378,5518,1784,4,2014
Intel Core i7-6950X @ 3.00GHz,377.32,17142,2334,10,2016
Intel Xeon W-1370 @ 2.90GHz,376.99,23908,3538,8,2021
Intel Core i9-7920X @ 2.90GHz,375,23292,2467,12,2017
Intel Xeon E5-2630 v4 @ 2.20GHz,374.95,11373,1774,10,2016
Intel Xeon E3-1240 v6 @ 3.70GHz,374.45,8853,2456,4,2017
AMD A12-9800E,371.05,3447,1604,4,2017
AMD EPYC 7551P,369.99,30313,1719,32,2018
Intel Xeon E-2146G @ 3.50GHz,369.94,13351,2679,6,2018
AMD Ryzen 7 3700X,367.52,22716,2680,8,2019
Intel Xeon W-1270E @ 3.40GHz,367,18635,2990,8,2022
Intel Xeon W-1270TE @ 2.00GHz,367,13553,2796,8,2021
Intel Xeon W-1270 @ 3.40GHz,362,18093,3060,8,2020
AMD Ryzen 9 3900X,359,32751,2725,12,2019
Intel Xeon E5-2667 v4 @ 3.20GHz,357.5,13846,2158,8,2016
Intel Xeon E-2374G @ 3.70GHz,357,14086,3445,4,2022
Intel Xeon E3-1275 v6 @ 3.80GHz,353.61,9229,2593,4,2017
Intel Core i7-12700KF,350.99,34110,4054,8,2021
Intel Core i9-10900F @ 2.80GHz,350,20881,3070,10,2020
Intel Xeon E-2174G @ 3.80GHz,349.99,9596,2650,4,2018
Intel Core i7-7700K @ 4.20GHz,349.44,9658,2730,4,2016
Intel Celeron J3455 @ 1.50GHz,349,2237,806,4,2016
Intel Celeron N3160 @ 1.60GHz,349,1154,567,4,2016
Intel Xeon D-1531 @ 2.20GHz,348,7447,1424,6,2017
Intel Core i9-11900 @ 2.50GHz,347.88,23117,3443,8,2021
AMD Opteron 6366 HE,343.99,4858,793,8,2014
Intel Core i7-8700T @ 2.40GHz,343.02,10431,2366,6,2018
Intel Core i5-4570TE @ 2.70GHz,342,3106,1631,2,2014
Intel Core i7-9700F @ 3.00GHz,340.99,13462,2796,8,2019
Intel Core i9-10900KF @ 3.70GHz,339.99,23508,3141,10,2020
Intel Core i7-12700T,339,22688,3295,8,2022
Intel Core i3-1115GRE @ 3.00GHz,338,3816,1880,2,2022
Intel Xeon Bronze 3106 @ 1.70GHz,334.31,5754,1013,8,2018
Intel Xeon E-2274G @ 4.00GHz,334,9660,2758,4,2019
AMD Ryzen 7 5800X,333.99,28368,3485,8,2020
Intel Xeon E-2356G @ 3.20GHz,333,18757,3507,6,2022
Intel Atom C3858 @ 2.00GHz,332,3154,501,12,2018
Intel Core i7-10700E @ 2.90GHz,330,17020,2845,8,2021
Intel Core i7-10700TE @ 2.00GHz,330,16332,2772,8,2021
AMD Ryzen 7 PRO 3700,329.99,22800,2673,8,2019
Intel Core i7-10700K @ 3.80GHz,328.98,19277,3074,8,2020
Intel Core i7-12700,328,31659,3948,8,2022
AMD Ryzen 5 3600XT,327.52,18780,2794,6,2020
Intel Xeon E-2236 @ 3.40GHz,327.31,14307,2851,6,2019
Intel Core i7-6850K @ 3.60GHz,326.97,11295,2407,6,2016
Intel Xeon E-2226G @ 3.40GHz,326.54,11119,2853,6,2019
Intel Xeon W-1350P @ 4.00GHz,325.99,19935,3512,6,2021
Intel Xeon E3-1240 v5 @ 3.50GHz,325,8254,2323,4,2015
Intel Core i3-6098P @ 3.60GHz,325,4170,2160,2,2016
Intel Core i7-11700T @ 1.40GHz,323,15271,2859,8,2021
Intel Core i7-9700E @ 2.60GHz,323,12239,2576,8,2020
Intel Core i7-9700T @ 2.00GHz,323,10736,2445,8,2019
Intel Core i7-9700TE @ 1.80GHz,323,10826,2309,8,2019
Intel Core i7-9700 @ 3.00GHz,322.85,13385,2782,8,2019
Intel Xeon E-2136 @ 3.30GHz,321.99,13356,2711,6,2018
Intel Xeon E-2126G @ 3.30GHz,320.29,10747,2652,6,2018
Intel Xeon Bronze 3104 @ 1.70GHz,320.24,4585,1001,6,2018
Intel Core i5-8269U @ 2.60GHz,320,8055,2561,4,2021
Intel Core i5-8279U @ 2.40GHz,320,8028,2466,4,2019
Intel Core i5-1038NG7 @ 2.00GHz,320,9626,2323,4,2020
Intel Core i5-8257U @ 1.40GHz,320,7680,2314,4,2019
Intel Core i5-1035G7 @ 1.20GHz,320,8388,2299,4,2019
Intel Core i7-5930K @ 3.50GHz,319.95,10304,2063,6,2014
AMD Ryzen 7 4700G,319,20138,2758,8,2020
Intel Core i7-11700 @ 2.50GHz,316.99,20588,3146,8,2021
Intel Xeon E3-1270 v6 @ 3.80GHz,316.71,8862,2462,4,2017
AMD EPYC 3251,315,13965,1872,8,2019
Intel Xeon E5-2609 v4 @ 1.70GHz,314.95,5351,1043,8,2016
Intel Core i7-12700F,312.96,32268,3987,8,2022
Intel Xeon W-1250 @ 3.30GHz,312.39,13799,2859,6,2020
Intel Core i5-1145G7E @ 2.60GHz,312,10454,2691,4,2021
Intel Core i5-12500H,311,23530,3678,4,2022
Intel Core i5-12450H,311,19820,3628,4,2022
Intel Xeon E-2246G @ 3.60GHz,311,14050,2825,6,2019
Intel Core i7-10700KF @ 3.80GHz,309.99,19143,3056,8,2020
Intel Core i5-1235U,309,11119,3335,2,2022
Intel Core i5-1155G7 @ 2.50GHz,309,10561,3014,4,2021
Intel Core i5-11320H @ 3.20GHz,309,10732,2951,4,2021
Intel Core i5-11300H @ 3.10GHz,309,11048,2832,4,2021
Intel Core i7-8700K @ 3.70GHz,309,13850,2764,6,2017
Intel Core i5-1135G7 @ 2.40GHz,309,10100,2727,4,2020
Intel Core i5-1130G7 @ 1.10GHz,309,9756,2549,4,2021
Intel Core i5-1035G4 @ 1.10GHz,309,8251,2277,4,2019
Intel Core i3-5005U @ 2.00GHz,308,2018,1150,2,2015
Intel Core i5-6350HQ @ 2.30GHz,306,4255,1420,4,2021
Intel Xeon E-2334 @ 3.40GHz,305.99,13189,3244,4,2022
Intel Xeon E-2336 @ 2.90GHz,304,15900,3353,6,2022
Intel Core i5-6287U @ 3.10GHz,304,3925,2080,2,2017
Intel Core i7-8700B @ 3.20GHz,303,12239,2751,6,2019
Intel Xeon E-2144G @ 3.60GHz,301.17,9322,2679,4,2019
AMD Ryzen 7 PRO 4750G,299.99,20570,2710,8,2020
Intel Core i3-7300 @ 4.00GHz,299.99,4703,2423,2,2017
AMD Ryzen Threadripper 1920X,299.99,22903,2300,12,2017
Intel Core i3-5010U @ 2.10GHz,299.86,2166,1241,2,2015
AMD Ryzen 7 5700X,299,27065,3397,8,2022
Intel Core i3-4370 @ 3.80GHz,299,3807,2126,2,2014
Intel Core i7-6700T @ 2.80GHz,299,7271,2091,4,2015
Intel Core i5-7600T @ 2.80GHz,298,6073,2231,4,2017
Intel Core i5-9500 @ 3.00GHz,297.59,9698,2578,6,2019
Intel Xeon E-2134 @ 3.50GHz,297.57,8741,2569,4,2019
Intel Core i7-11700K @ 3.60GHz,297,24749,3429,8,2020
Intel Core i5-1035G1 @ 1.00GHz,297,7737,2307,4,2019
Intel Core i5-10310U @ 1.70GHz,297,6658,2281,4,2020
Intel Core i5-8365UE @ 1.60GHz,297,5555,2248,4,2019
Intel Core i5-8350U @ 1.70GHz,297,6284,2031,4,2017
Intel Xeon E-2234 @ 3.60GHz,294.99,9903,2871,4,2020
Intel Core i3-9350K @ 4.00GHz,293.22,7694,2823,4,2020
Intel Core i5-8200Y @ 1.30GHz,291,2169,1582,2,2018
Intel Core i3-8121U @ 2.20GHz,290,4376,1927,2,2018
Intel Core i7-11700F @ 2.50GHz,289.99,21447,3339,8,2021
Intel Xeon W-2223 @ 3.60GHz,289.99,8686,2255,4,2020
Intel Core i5-5300U @ 2.30GHz,289.99,2740,1647,2,2015
Intel Celeron 3205U @ 1.50GHz,287.04,918,879,2,2015
Intel Core i3-10110Y @ 1.00GHz,287,3278,2093,2,2020
Intel Xeon W-2102 @ 2.90GHz,286.99,5077,1753,4,2018
Intel Core i3-1115G4E @ 3.00GHz,285,5776,2552,2,2022
Intel Xeon D-1715TER @ 2.40GHz,285,9104,2269,4,2022
Intel Celeron N3060 @ 1.60GHz,282,664,629,2,2016
Intel Core i3-1115G4 @ 3.00GHz,281,6273,2695,2,2020
Intel Core i3-8145UE @ 2.20GHz,281,4133,2324,2,2020
Intel Core i3-1005G1 @ 1.20GHz,281,5128,2250,2,2019
Intel Core i3-8145U @ 2.10GHz,281,3837,2142,2,2018
Intel Core i3-1110G4 @ 1.80GHz,281,3421,1986,2,2022
Intel Core i3-8130U @ 2.20GHz,281,3648,1942,2,2018
Intel Core m3-8100Y @ 1.10GHz,281,2991,1783,2,2018
Intel Core i5-L16G7 @ 1.40GHz,281,3421,1606,5,2020
Intel Core i5-5200U @ 2.20GHz,281,2502,1512,2,2014
Intel Core M-5Y71 @ 1.20GHz,281,2069,1334,2,2015
Intel Core i3-7020U @ 2.30GHz,281,2564,1324,2,2018
Intel Core m3-6Y30 @ 0.90GHz,281,2041,1229,2,2015
Intel Core M-5Y10c @ 0.80GHz,281,1822,1080,2,2015
Intel Xeon W-1350 @ 3.30GHz,279.99,18940,3511,6,2021
Intel Xeon E3-1226 v3 @ 3.30GHz,279.7,5520,2115,4,2014
Intel Core i7-11700KF @ 3.60GHz,279,24147,3420,8,2021
Intel Xeon E5-2651 v2 @ 1.80GHz,278.1,9216,1118,12,2016
Intel Xeon E3-1240L v5 @ 2.10GHz,278,6173,1906,4,2017
Intel Core i5-12600K,277.98,27429,3965,6,2021
Intel Core i5-4670R @ 3.00GHz,276,5233,2164,4,2018
Intel Core i5-8600 @ 3.10GHz,275.67,9849,2582,6,2018
Intel Celeron N3350 @ 1.10GHz,275.49,1126,809,2,2016
Intel Core i7-4710MQ @ 2.50GHz,271.57,5800,1895,4,2014
AMD Ryzen 3 3300X,269.99,12746,2689,4,2020
Intel Core i9-7900X @ 3.30GHz,269.98,21310,2594,10,2017
Intel Core i7-10700 @ 2.90GHz,268.99,16946,2922,8,2020
Intel Xeon E-2224G @ 3.50GHz,267.56,7545,2726,4,2019
Intel Core i5-4400E @ 2.70GHz,266,3251,1804,2,2014
Intel Core i5-4422E @ 1.80GHz,266,1907,1048,2,2017
Intel Core i3-8300 @ 3.70GHz,265.7,6136,2262,4,2018
Intel Core i3-8100T @ 3.10GHz,262.83,5291,1922,4,2018
Intel Core i7-8700 @ 3.20GHz,260.99,13046,2662,6,2017
Intel Core i5-12600KF,260.98,27186,3967,6,2021
Intel Core i5-4590S @ 3.00GHz,260,5095,2052,4,2014
Intel Core i7-6800K @ 3.40GHz,259.99,10681,2272,6,2016
Intel Xeon E3-1260L v5 @ 2.90GHz,258.7,7757,2287,4,2016
Intel Core i5-5675C @ 3.10GHz,258.34,5548,2251,4,2015
Intel Xeon E5-2603 v4 @ 1.70GHz,258.19,4695,1046,6,2016
AMD Ryzen 5 PRO 4650G,257.36,16428,2664,6,2020
Intel Core i5-9600 @ 3.10GHz,256.55,10369,2751,6,2019
Intel Core i7-5820K @ 3.30GHz,255.36,9814,2010,6,2014
Intel Core i7-6700 @ 3.40GHz,255,8078,2300,4,2015
Intel Xeon W-2104 @ 3.20GHz,255,6202,1836,4,2018
Intel Xeon E5-2660 v4 @ 2.00GHz,254.45,15038,1897,14,2016
AMD Ryzen 7 2700,254.2,15654,2197,8,2018
Intel Xeon E5-2620 v4 @ 2.10GHz,253.99,9152,1610,8,2016
Intel Xeon Bronze 3204 @ 1.90GHz,250.99,4796,1103,6,2020
Intel Pentium N3540 @ 2.16GHz,250.87,1216,714,4,2014
Intel Core i3-7350K @ 4.20GHz,250.8,4819,2493,2,2017
Intel Xeon E-2224 @ 3.40GHz,250.17,7223,2434,4,2019
Intel Core i5-11500H @ 2.90GHz,250,16458,3148,6,2021
Intel Core i5-11400H @ 2.70GHz,250,16073,3061,6,2021
Intel Core i5-11260H @ 2.60GHz,250,15313,2969,6,2021
Intel Core i5-10400H @ 2.60GHz,250,8916,2738,4,2020
Intel Core i5-10500H @ 2.50GHz,250,11604,2620,6,2021
Intel Core i5-10300H @ 2.50GHz,250,8692,2616,4,2020
Intel Core i5-9400H @ 2.50GHz,250,8261,2501,4,2019
Intel Core i5-10200H @ 2.40GHz,250,8414,2481,4,2020
Intel Core i5-8400H @ 2.50GHz,250,8037,2466,4,2018
Intel Core i5-9300HF @ 2.40GHz,250,7678,2360,4,2020
Intel Core i5-9300H @ 2.40GHz,250,7793,2349,4,2019
Intel Core i5-8300H @ 2.30GHz,250,7542,2309,4,2018
Intel Core i5-7440EQ @ 2.90GHz,250,5711,2131,4,2021
Intel Core i5-7442EQ @ 2.10GHz,250,4834,1819,4,2019
Intel Core i5-6442EQ @ 1.90GHz,250,4598,1716,4,2019
Intel Core i7-10700F @ 2.90GHz,249.99,16973,2919,8,2020
AMD Ryzen Threadripper 1900X,249.99,16955,2343,8,2017
AMD EPYC 7401P,249.99,28271,1689,24,2017
Intel Xeon E5-2623 v3 @ 3.00GHz,249.95,6869,1861,4,2015
AMD Ryzen 7 3800X,248.59,23275,2735,8,2019
Intel Core i5-8500T @ 2.10GHz,247.53,7699,2045,6,2018
Intel Core i5-8400T @ 1.70GHz,239.84,7447,1924,6,2018
AMD Opteron 4386,239.7,4378,1012,4,2014
Intel Core i5-12600,238.97,21368,3883,6,2022
Intel Xeon E5-2470 v2 @ 2.40GHz,237.45,10902,1503,10,2016
Intel Core i5-8600K @ 3.60GHz,235.99,10195,2609,6,2017
AMD Ryzen 7 5700G,233,24545,3281,8,2021
Intel Core i5-9600K @ 3.70GHz,232.6,10793,2773,6,2018
Intel Core i5-11600KF @ 3.90GHz,232.49,19742,3359,6,2021
Intel Atom C2750 @ 2.40GHz,232,2775,658,8,2014
Intel Pentium G4560T @ 2.90GHz,231.9,2909,1708,2,2017
Intel Core i5-6500TE @ 2.30GHz,230.61,4776,1828,4,2015
Intel Core i7-6700K @ 4.00GHz,230,8967,2520,4,2015
Intel Core i5-8400 @ 2.80GHz,230,9222,2404,6,2017
Intel Xeon E-2124G @ 3.40GHz,229.99,7518,2749,4,2018
AMD Opteron 4130,229.95,2347,1149,4,2016
Intel Pentium N4200 @ 1.10GHz,228.71,2140,857,4,2016
AMD Ryzen 5 3400G,228,9331,2360,4,2019
Intel Core i7-7740X @ 4.30GHz,225.99,9864,2805,4,2017
Intel Core i3-7100H @ 3.00GHz,225,3430,1668,2,2017
Intel Core i3-4100E @ 2.40GHz,225,1848,1390,2,2021
Intel Core i3-7102E @ 2.10GHz,225,2521,1292,2,2019
Intel Core i3-6102E @ 1.90GHz,225,2349,1068,2,2019
Intel Celeron N2820 @ 2.13GHz,225,469,583,2,2014
Intel Core i5-6500T @ 2.50GHz,221.52,4845,1831,4,2015
Intel Core i5-10600 @ 3.30GHz,219.99,13928,2911,6,2020
Intel Core i7-7700 @ 3.60GHz,219.99,8638,2472,4,2016
Intel Xeon E5-1620 v4 @ 3.50GHz,219.3,7437,2251,4,2016
AMD FX-8370 Eight-Core,218.99,6128,1626,4,2014
Intel Core i3-4100M @ 2.50GHz,218.57,2447,1366,2,2014
Intel Core i3-9320 @ 3.70GHz,217.97,7358,2711,4,2019
AMD Ryzen 5 5600X,216.99,22088,3377,6,2020
Intel Core i5-11600 @ 2.80GHz,216.41,18318,3302,6,2021
Intel Pentium 3550M @ 2.30GHz,215.92,1309,1183,2,2014
Intel Core i7-5960X @ 3.00GHz,215.61,12719,1979,8,2014
Intel Xeon E5-4610 @ 2.40GHz,215.19,6460,1401,6,2018
Intel Atom C2758 @ 2.40GHz,214.86,2056,333,8,2015
AMD Ryzen 5 2400G,214,8729,2158,4,2018
Intel Core i5-11600T @ 1.70GHz,213,15254,2884,6,2021
Intel Core i5-10600T @ 2.40GHz,213,11376,2422,6,2020
Intel Core i5-9600T @ 2.30GHz,213,8393,2175,6,2019
Intel Xeon D-2123IT @ 2.20GHz,213,7731,1750,4,2018
AMD Ryzen 7 2700X,212.98,17578,2436,8,2018
Intel Core i5-10600K @ 4.10GHz,212.97,14534,2936,6,2020
Intel Celeron G4920 @ 3.20GHz,212.73,2406,1965,2,2018
Intel Core i5-11600K @ 3.90GHz,209.99,19781,3374,6,2021
AMD Ryzen 5 3600X,209.99,18285,2670,6,2019
Intel Core i5-4590T @ 2.00GHz,209.95,3982,1648,4,2014
Intel Core i5-10500 @ 3.10GHz,209.88,13056,2785,6,2020
Intel Xeon E3-1225 v6 @ 3.30GHz,208.13,6312,2303,4,2017
Intel Core i3-9350KF @ 4.00GHz,207.36,7318,2666,4,2019
Intel Core i7-4790K @ 4.00GHz,206.87,8061,2467,4,2014
Intel Core i3-8350K @ 4.00GHz,206.16,6862,2489,4,2017
Intel Xeon E-2124 @ 3.30GHz,204.99,6977,2537,4,2019
AMD Athlon X4 830,202.32,2901,1292,2,2018
Intel Core i5-12500,202,20309,3759,6,2022
Intel Core i5-12500T,202,17728,3618,6,2022
Intel Core i7-4790 @ 3.60GHz,200,7235,2234,4,2014
Intel Core i7-7800X @ 3.50GHz,199.99,12864,2414,6,2017
Intel Core i5-8600T @ 2.30GHz,199.99,8227,2180,6,2018
Intel Core i3-4170T @ 3.20GHz,199.95,3162,1813,2,2015
Intel Core i3-4360 @ 3.70GHz,199.88,3688,2067,2,2014
Intel Core i5-11500 @ 2.70GHz,197.19,17626,3153,6,2021
Intel Xeon E-2314 @ 2.80GHz,195,8422,3089,4,2022
Intel Core i5-10500TE @ 2.30GHz,195,9960,2145,6,2022
Intel Core i3-9300 @ 3.70GHz,194.99,7279,2666,4,2019
Intel Xeon E3-1220 v5 @ 3.00GHz,194.82,5707,2019,4,2016
Intel Xeon E3-1205 v6 @ 3.00GHz,193,5682,1875,4,2020
Intel Atom C3758 @ 2.20GHz,193,4683,859,8,2020
Intel Core i5-12400,192,19571,3532,6,2022
Intel Core i5-8500B @ 3.00GHz,192,9429,2574,6,2019
Intel Core i5-11500T @ 1.50GHz,192,13820,2571,6,2021
Intel Core i5-10500T @ 2.30GHz,192,10365,2342,6,2020
Intel Core i5-9500TE @ 2.20GHz,192,9212,2296,6,2020
Intel Core i5-9500T @ 2.20GHz,192,8256,2200,6,2019
Intel Core i5-8500 @ 3.00GHz,190,9576,2485,6,2018
AMD Ryzen 5 5600,189.99,21350,3208,6,2022
Intel Core i5-7500T @ 2.70GHz,188.98,5319,1964,4,2017
Intel Celeron N3450 @ 1.10GHz,185.08,1938,763,4,2016
Intel Core i5-10600KF @ 4.10GHz,184.98,14575,2948,6,2020
AMD Ryzen 5 3500X,184.95,13319,2525,6,2019
Intel Core i5-9500F @ 3.00GHz,182,10330,2676,6,2019
Intel Core i5-11400T @ 1.30GHz,182,13078,2549,6,2021
Intel Core i5-10400T @ 2.00GHz,182,10052,2168,6,2020
Intel Core i5-9400T @ 1.80GHz,182,7819,2057,6,2019
Intel Core i3-7300T @ 3.50GHz,181.59,4159,2128,2,2017
AMD Ryzen 5 5600G,179.97,19830,3187,6,2021
Intel Core i7-4810MQ @ 2.80GHz,179.95,6034,2004,4,2014
Intel Celeron G3930 @ 2.90GHz,179.88,2270,1794,2,2017
AMD Ryzen 3 2300X,178.09,7566,2364,4,2019
AMD Ryzen 7 1800X,178.03,16306,2186,8,2017
Intel Xeon E5-1607 v4 @ 3.10GHz,178.02,5245,1905,4,2016
Intel Core i3-7320 @ 4.10GHz,177.19,4856,2499,2,2017
Intel Core i5-7400 @ 3.00GHz,175,5499,2103,4,2017
Intel Core i5-12400F,174.98,19659,3567,6,2022
Intel Core i7-5775C @ 3.30GHz,174.95,7801,2318,4,2015
Intel Core i5-7400T @ 2.40GHz,174.85,4710,1763,4,2016
Intel Core i3-10300T @ 3.00GHz,174.28,7997,2350,4,2020
Intel Core i5-11400 @ 2.60GHz,174.21,17132,3048,6,2021
Intel Xeon D-1622 @ 2.60GHz,170,6205,1875,4,2021
Intel Xeon E5-2678 v3 @ 2.50GHz,170,14682,1718,12,2015
Intel Celeron N3050 @ 1.60GHz,170,592,564,2,2015
Intel Core i5-7600 @ 3.50GHz,169.99,6598,2476,4,2017
Intel Core i3-8100 @ 3.60GHz,169.99,6163,2240,4,2017
Intel Core i3-9100 @ 3.60GHz,169.96,6625,2519,4,2019
Intel Pentium Gold G5500 @ 3.80GHz,169.87,3770,2258,2,2018
AMD Ryzen 5 1600X,169.46,12943,2183,6,2017
AMD PRO A12-9800,169,3878,1775,4,2017
AMD PRO A10-9700,169,3644,1655,2,2016
AMD PRO A12-9800E,169,3182,1551,4,2017
Intel Celeron J4005 @ 2.00GHz,168.75,1581,1119,2,2018
AMD Ryzen 7 1700X,168.06,15496,2074,8,2017
Intel Pentium G4560 @ 3.50GHz,168,3513,2103,2,2017
Intel Pentium G4500 @ 3.50GHz,166.67,2734,2135,2,2015
Intel Core i5-7600K @ 3.80GHz,165.99,6869,2566,4,2017
Intel Core i5-7500 @ 3.40GHz,165.99,6064,2284,4,2016
Intel Core i3-6300 @ 3.80GHz,163.49,4386,2295,2,2015
Intel Core i7-4790S @ 3.20GHz,163,6954,2198,4,2014
AMD A10-7890K,161.99,3477,1566,2,2016
Intel Pentium 6805 @ 1.10GHz,161,4745,1964,2,2021
Intel Pentium 6405U @ 2.40GHz,161,2363,1417,2,2020
Intel Pentium 5405U @ 2.30GHz,161,2286,1340,2,2019
Intel Pentium 4417U @ 2.30GHz,161,2276,1327,2,2019
Intel Pentium Silver N5000 @ 1.10GHz,161,2593,1143,4,2018
Intel Pentium 4425Y @ 1.70GHz,161,1697,967,2,2020
Intel Pentium 4415Y @ 1.60GHz,161,1600,899,2,2018
Intel Pentium 4410Y @ 1.50GHz,161,1444,777,2,2017
Intel Core i3-10305 @ 3.80GHz,159.99,9689,2834,4,2021
Intel Pentium Gold G5620 @ 4.00GHz,159.99,4102,2424,2,2019
Intel Core i5-6400T @ 2.20GHz,159.99,4302,1652,4,2015
Intel Pentium G3420T @ 2.70GHz,159.99,1912,1570,2,2014
AMD Ryzen 5 1600,159.82,12314,2074,6,2017
AMD Ryzen 5 5500,159,19949,3096,6,2022
Intel Core i5-9600KF @ 3.70GHz,159,10838,2786,6,2019
Intel Core i3-8300T @ 3.20GHz,158.95,5827,2005,4,2018
Intel Pentium Gold G5600 @ 3.90GHz,158,3769,2291,2,2018
AMD Ryzen 5 2600X,154.39,14053,2406,6,2018
Intel Core i3-10325 @ 3.90GHz,154,10308,2890,4,2022
AMD Ryzen 5 3600,153.49,17822,2576,6,2019
AMD Ryzen 7 1700,152.68,14628,1985,8,2017
Intel Core i5-11400F @ 2.60GHz,149.99,17213,3023,6,2021
Intel Core i5-10400 @ 2.90GHz,149.99,12320,2587,6,2020
Intel Xeon E3-1271 v3 @ 3.60GHz,149.99,7432,2271,4,2014
AMD A6-6420K APU,149.99,1538,1557,2,2014
Intel Celeron N2830 @ 2.16GHz,149.99,542,630,2,2014
AMD A8-7600 APU,149.95,3215,1452,2,2014
Intel Core i3-7100T @ 3.40GHz,149.88,3787,2007,2,2017
AMD A10 PRO-7850B APU,148.02,3458,1587,2,2014
AMD A10-6700T APU,147.61,2311,1310,2,2014
Intel Pentium G4620 @ 3.70GHz,146,3777,2268,2,2017
Intel Core i3-6320 @ 3.90GHz,145,4372,2343,2,2015
AMD Ryzen 3 3200G,144.99,7188,2218,4,2019
Intel Core i3-12300,143,14955,3673,4,2022
Intel Core i3-10305T @ 3.00GHz,143,8136,2456,4,2021
Intel Core i3-9300T @ 3.20GHz,143,6162,2318,4,2019
Intel Xeon E5-2637 v4 @ 3.50GHz,143,6897,2073,4,2016
Intel Celeron G3950 @ 3.00GHz,143,2369,1811,2,2017
AMD Ryzen 5 4500,141.75,16698,2605,6,2022
Intel Core i3-6300T @ 3.30GHz,140.59,4040,2055,2,2015
Intel Core i5-9400 @ 2.90GHz,139.99,9478,2479,6,2019
Intel Xeon E3-1245 v5 @ 3.50GHz,139.99,8073,2284,4,2015
Intel Core i5-6402P @ 2.80GHz,139.88,5414,2027,4,2016
AMD PRO A10-9700E,139,2896,1333,2,2016
Intel Core i3-10300 @ 3.70GHz,138.99,9284,2677,4,2020
Intel Core i5-4690S @ 3.20GHz,138.47,5380,2186,4,2014
AMD Athlon 240GE,138,4551,1986,2,2019
Intel Core i3-4370T @ 3.30GHz,138,3368,1914,2,2017
Intel Pentium G4520 @ 3.60GHz,137.99,2926,2200,2,2015
AMD Ryzen 3 3100,137.95,11660,2427,4,2020
Intel Atom C2558 @ 2.40GHz,136,1410,358,4,2015
AMD Opteron 6386 SE,135.09,8320,1340,16,2014
Intel Core i5-6600K @ 3.50GHz,135,6307,2332,4,2015
Intel Atom E3815 @ 1.46GHz,135,159,238,1,2014
Intel Pentium 2129Y @ 1.10GHz,134,635,587,2,2014
Intel Core i3-10320 @ 3.80GHz,133.95,10115,2848,4,2020
Intel Core i3-8100B @ 3.60GHz,133,6081,2363,4,2019
Intel Xeon E7-8880 v3 @ 2.30GHz,133,18244,1612,18,2016
Intel Atom x5-Z8300 @ 1.44GHz,132.99,819,463,4,2015
AMD FX-8320E Eight-Core,132,4972,1410,4,2014
Intel Core i3-6100 @ 3.70GHz,131.51,4177,2220,2,2015
Intel Pentium G2030T @ 2.60GHz,130.5,1535,1441,2,2014
Intel Core i5-9400F @ 2.90GHz,129.99,9544,2471,6,2019
Intel Core i5-6400 @ 2.70GHz,129.99,5163,1964,4,2015
AMD Opteron 4334,129.95,3949,1269,3,2016
Intel Pentium Gold G5420 @ 3.80GHz,129.55,3641,2286,2,2019
Intel Core i5-6500 @ 3.20GHz,129,5655,2123,4,2015
AMD Athlon 220GE,129,4450,1984,2,2019
Intel Pentium D1508 @ 2.20GHz,129,3240,1760,2,2017
AMD Athlon 5350 APU,129,1737,698,4,2014
AMD A10-6800B APU,128.02,2824,1513,2,2014
Intel Core i3-7100 @ 3.90GHz,127.99,4342,2338,2,2017
Intel Core i3-10100E @ 3.20GHz,125,8229,2297,4,2021
Intel Core i5-10400F @ 2.90GHz,124.99,12439,2572,6,2020
AMD Athlon X4 840,124.95,3287,1482,2,2015
AMD Ryzen 5 2600,124.88,13195,2250,6,2018
AMD A12-9800,124.85,3447,1607,2,2016
Intel Pentium Gold G6605 @ 4.30GHz,124.25,4493,2658,2,2021
Intel Core i3-9100F @ 3.60GHz,124,6768,2519,4,2019
AMD Ryzen 3 2200G,124,6781,2060,4,2018
AMD Athlon 200GE,123.89,4135,1817,2,2018
Intel Core i3-12100,122,14503,3549,4,2022
Intel Core i3-12100T,122,12767,3412,4,2022
Intel Core i3-10105T @ 3.00GHz,122,7850,2350,4,2021
Intel Core i3-10100T @ 3.00GHz,122,7405,2319,4,2020
Intel Core i3-9100T @ 3.10GHz,122,5419,2106,4,2019
Intel Core i3-9100TE @ 2.20GHz,122,4501,1585,4,2020
Intel Core i5-6600T @ 2.70GHz,121.98,5655,2096,4,2015
AMD Ryzen 5 1500X,120.36,9083,2110,4,2017
Intel Core i5-6600 @ 3.30GHz,119,6107,2284,4,2015
AMD PRO A8-9600,119,3347,1468,2,2016
Intel Core i5-4690 @ 3.50GHz,118.88,5572,2205,4,2014
Intel Pentium G4600T @ 3.00GHz,117.99,3130,1843,2,2017
Intel Core i3-7101TE @ 3.40GHz,117,3911,1997,2,2017
Intel Atom Z3735E @ 1.33GHz,117,557,478,4,2014
Intel Pentium G3240 @ 3.10GHz,116.99,1919,1749,2,2014
AMD Ryzen 3 1300X,115,6925,2096,4,2017
Intel Core i3-10100 @ 3.60GHz,112.99,8800,2637,4,2020
Intel Pentium Gold G5400 @ 3.70GHz,112.88,3723,2224,2,2018
Intel Xeon L5310 @ 1.60GHz,112.5,1385,662,4,2016
Intel Celeron G3900T @ 2.60GHz,112.46,2085,1549,2,2016
Intel Pentium Gold G5400T @ 3.10GHz,109.95,3119,1807,2,2018
AMD Ryzen 5 1400,109.65,7783,1904,4,2017
Intel Core i3-12100F,107.99,14490,3532,4,2022
Intel Celeron G4930 @ 3.20GHz,107.41,2571,1999,2,2019
Intel Pentium Gold G6600 @ 4.20GHz,107.35,4396,2577,2,2021
Intel Core i3-10105 @ 3.70GHz,107,8928,2718,4,2021
Intel Celeron G3900E @ 2.40GHz,107,2034,1499,2,2017
Intel Celeron 4305U @ 2.20GHz,107,1694,1378,2,2021
Intel Celeron 3965U @ 2.20GHz,107,1692,1356,2,2017
Intel Celeron J4105 @ 1.50GHz,107,2911,1097,4,2018
Intel Celeron 3867U @ 1.80GHz,107,1488,1097,2,2019
Intel Celeron 5205U @ 1.90GHz,107,1414,1094,2,2020
Intel Celeron 6305E @ 1.80GHz,107,1675,1083,2,2021
Intel Celeron 4205U @ 1.80GHz,107,1341,1057,2,2019
Intel Celeron N4000 @ 1.10GHz,107,1399,1022,2,2018
Intel Celeron N4100 @ 1.10GHz,107,2451,1009,4,2018
Intel Celeron 3965Y @ 1.50GHz,107,1179,889,2,2018
Intel Xeon D-1602 @ 2.50GHz,106,2459,1435,2,2020
Intel Celeron G4900 @ 3.10GHz,105.95,2448,1914,2,2018
Intel Pentium G4600 @ 3.60GHz,104.94,3605,2186,2,2017
Intel Atom C2538 @ 2.40GHz,104,960,491,4,2018
AMD Opteron 6238,103.71,5625,1157,6,2014
AMD Ryzen 3 1200,103.55,6304,1927,4,2017
Intel Core i3-4350 @ 3.60GHz,99.99,3459,1902,2,2014
AMD Opteron 3250 HE,99,2061,1003,2,2019
AMD A8-9600,98.99,3291,1486,4,2017
AMD Athlon 5150 APU,98.86,1389,550,4,2014
Intel Xeon E5-2630L v4 @ 1.80GHz,98,10864,1743,10,2017
Intel Pentium G4400 @ 3.30GHz,97.41,2599,2024,2,2015
Intel Celeron G3930T @ 2.70GHz,97.17,2109,1650,2,2018
Intel Pentium Gold G6500 @ 4.10GHz,96.99,4147,2491,2,2020
Intel Core i3-4170 @ 3.70GHz,95.8,3569,2069,2,2015
AMD Opteron 4280,94.99,4504,1141,4,2014
AMD Athlon X4 750 Quad Core,94.75,1986,1338,4,2015
AMD Athlon X4 880K,94.65,3676,1628,2,2016
Intel Pentium Gold G5600F @ 3.90GHz,92.99,4160,2442,2,2019
AMD A10-9700E,92.99,2947,1413,4,2017
AMD A10-9700,91.75,3546,1616,4,2016
AMD A4-4020 APU,91,1225,1238,2,2014
Intel Celeron G1830 @ 2.80GHz,89,1560,1513,2,2014
Intel Core i5-4210M @ 2.60GHz,88.04,2893,1690,2,2014
Intel Celeron 2002E @ 1.50GHz,86,1091,871,2,2018
Intel Atom C3558 @ 2.20GHz,86,2405,849,4,2017
AMD Sempron 2650 APU,84.97,561,475,2,2014
Intel Xeon E5-2623 v4 @ 2.60GHz,84,7582,1696,4,2016
AMD A8-7670K,83.56,3224,1512,4,2015
Intel Pentium N6415 @ 1.20GHz,80,3760,1616,4,2021
Intel Pentium J6426 @ 2.00GHz,80,4173,1596,4,2022
Intel Core i3-10100F @ 3.60GHz,79.99,8854,2604,4,2020
Intel Xeon E3-1241 v3 @ 3.50GHz,79.99,7070,2150,4,2014
Intel Core i5-4460 @ 3.20GHz,79.46,4834,1902,4,2014
Intel Xeon E5-2630L v3 @ 1.80GHz,79,8978,1532,8,2016
Intel Xeon E5-2637 @ 3.00GHz,79,2978,1526,2,2018
Intel Xeon E5-2650L v2 @ 1.70GHz,79,7475,1102,10,2017
Intel Core i3-10105F @ 3.70GHz,78.99,9141,2675,4,2021
Intel Celeron G4900T @ 2.90GHz,77.95,2403,1789,2,2018
Intel Celeron G3900 @ 2.80GHz,77.95,2212,1718,2,2016
AMD A6-9500,75.42,1864,1618,2,2016
Intel Pentium Gold G6505 @ 4.20GHz,75,4378,2652,2,2021
Intel Pentium Gold G6500T @ 3.50GHz,75,4005,2277,2,2021
Intel Pentium Gold G5500T @ 3.20GHz,75,3234,1964,2,2018
Intel Pentium G3250 @ 3.20GHz,75,1928,1811,2,2014
Intel Atom C3538 @ 2.10GHz,75,1756,669,4,2018
Intel Pentium Gold G6400 @ 4.00GHz,74.63,4130,2484,2,2020
AMD A6-9500E,74.45,1841,1478,2,2018
AMD PRO A6-9500,74,1875,1618,2,2017
AMD PRO A6-9500E,74,1662,1493,2,2017
Intel Atom x7-Z8700 @ 1.60GHz,73.63,1318,646,4,2015
AMD Athlon X4 845,73.58,3784,1680,2,2016
Intel Xeon E5-4607 v2 @ 2.60GHz,72.8,6986,1363,6,2016
Intel Xeon E5-4620 @ 2.20GHz,71.96,6830,1239,8,2015
AMD A10-7850K APU,70.69,3363,1512,2,2014
Intel Atom E3825 @ 1.33GHz,70.32,385,370,2,2014
Intel Core i5-4690K @ 3.50GHz,69.99,5623,2197,4,2014
AMD A4-6320 APU,69.99,1563,1550,1,2014
AMD A6-7400K APU,69.99,1587,1422,2,2014
Intel Pentium G3220T @ 2.60GHz,69.95,1564,1447,2,2014
AMD A8-7680,69.5,3571,1638,4,2019
Intel Celeron G1840 @ 2.80GHz,69,1758,1612,2,2014
Intel Celeron G3900TE @ 2.30GHz,67.66,1850,1402,2,2018
Intel Pentium Gold G7400,66.99,6896,3084,2,2022
AMD A10-7860K,66,3333,1538,2,2016
Intel Pentium G3460 @ 3.50GHz,65.41,2165,1954,2,2014
Intel Core i5-7640X @ 4.00GHz,65,6675,2511,4,2017
Intel Xeon E5-2450L @ 1.80GHz,65,5769,1013,8,2015
Intel Pentium G3470 @ 3.60GHz,64.88,2428,2089,2,2015
Intel Pentium Gold G6405T @ 3.50GHz,64,3746,2206,2,2021
Intel Pentium Gold G6400T @ 3.40GHz,64,3610,2140,2,2021
Intel Pentium Gold G5420T @ 3.20GHz,64,3508,1978,2,2019
Intel Pentium G4400TE @ 2.40GHz,64,2190,1481,2,2018
Intel Xeon E5-2450 @ 2.10GHz,64,7410,1154,8,2015
AMD Athlon II X4 638 Quad-Core,62.85,2183,1165,4,2015
Intel Atom x5-Z8500 @ 1.44GHz,62.57,1238,628,4,2015
Intel Celeron G1820 @ 2.70GHz,62.3,1670,1520,2,2014
Intel Celeron G5920 @ 3.50GHz,61.99,2482,2151,2,2020
Intel Pentium Gold G6405 @ 4.10GHz,60.1,4285,2534,2,2021
Intel Core i3-4160 @ 3.60GHz,59.99,3495,2014,2,2014
Intel Core i3-4160T @ 3.10GHz,59.99,3133,1771,2,2014
Intel Xeon E5-4650L @ 2.60GHz,59.99,8472,1393,8,2017
Intel Pentium G3260 @ 3.30GHz,59.97,2049,1867,2,2015
AMD A8-6500T APU,59.95,1816,1048,2,2014
Intel Pentium G3440 @ 3.30GHz,59,2129,1895,2,2014
Intel Atom x6425RE @ 1.90GHz,59,2903,1021,4,2022
Intel Core i5-4590 @ 3.30GHz,58,5344,2093,4,2014
Intel Core i3-2102 @ 3.10GHz,58,2029,1400,2,2016
Intel Pentium G3450 @ 3.40GHz,57.97,2091,1836,2,2014
AMD A10-7800 APU,56.45,3142,1450,2,2014
Intel Atom x6425E @ 2.00GHz,56,4153,1602,4,2022
AMD Athlon 3000G,54.99,4480,1999,2,2019
Intel Celeron N6211 @ 1.20GHz,54,2207,1582,2,2021
Intel Celeron J6412 @ 2.00GHz,54,3904,1364,4,2021
Intel Celeron G5900 @ 3.40GHz,53.99,2790,2150,2,2020
Intel Celeron G5925 @ 3.60GHz,53.93,2939,2282,2,2021
Intel Xeon E5-2603 v3 @ 1.60GHz,50.89,3752,931,6,2015
Intel Celeron G6900,49.99,3446,2587,2,2022
Intel Pentium G3260T @ 2.90GHz,49.99,1755,1568,2,2015
Intel Pentium G3250T @ 2.80GHz,49.99,1726,1568,2,2015
AMD A8-6500B APU,49.95,2898,1531,2,2014
AMD Sempron 3850 APU,47.58,1153,448,4,2014
Intel Celeron G5905 @ 3.50GHz,47.19,2815,2189,2,2020
Intel Pentium G2140 @ 3.30GHz,45,2092,1842,2,2014
AMD Opteron 1385,45,1898,1035,4,2014
Intel Atom x6413E @ 1.50GHz,43,4070,1608,4,2021
Intel Atom C2350 @ 1.74GHz,43,532,496,2,2021
Intel Celeron G5900T @ 3.20GHz,42,2648,2041,2,2021
Intel Celeron G5905T @ 3.30GHz,42,2310,1996,2,2021
Intel Celeron G4930T @ 3.00GHz,42,2209,1742,2,2020
Intel Celeron G3930TE @ 2.70GHz,42,2218,1706,2,2019
Intel Celeron G1820T @ 2.40GHz,42,1614,1396,2,2014
Intel Celeron G1620T @ 2.40GHz,42,1507,1321,2,2014
AMD Athlon X4 870K,40.28,3383,1543,2,2016
Intel Celeron G1850 @ 2.90GHz,39.99,1926,1695,2,2014
AMD A8-7650K,39.62,3013,1372,2,2015
AMD A10-7700K APU,39.3,3153,1423,2,2014
AMD A6-7480,37.42,1931,1638,2,2019
AMD Opteron 4332 HE,36.99,3906,1413,6,2015
AMD Sempron 240,36.1,1278,1300,2,2018
AMD Athlon X4 950,35.99,3611,1663,4,2017
AMD A6-7470K,35.22,1799,1576,1,2016
Intel Celeron G470 @ 2.00GHz,35.15,691,937,1,2014
Intel Atom x6211E @ 1.20GHz,35,1695,1304,2,2021
AMD Athlon X2 280,33.49,1327,1258,2,2014
Intel Pentium G3258 @ 3.20GHz,32.66,2091,1863,2,2014
Intel Xeon E5-2430L @ 2.00GHz,32.28,5273,1005,6,2017
Intel Atom Z3745 @ 1.33GHz,30,621,435,4,2014
AMD Athlon X4 860K,29.97,3436,1531,2,2014
AMD PRO A4-8350B,28.99,1552,1365,1,2016
AMD FX-8370E Eight-Core,25.14,5235,1490,4,2014
Intel Atom x5-Z8350 @ 1.44GHz,21,909,482,4,2016
Intel Xeon E5-1428L v2 @ 2.20GHz,20.37,6566,1321,6,2019
AMD Opteron 4162 EE,19.99,2058,382,6,2015
AMD A4-7300 APU,19.69,1492,1484,1,2014
Intel Xeon E5-1410 v2 @ 2.80GHz,19.2,5842,1689,4,2015
Intel Xeon E5-1603 v3 @ 2.80GHz,12.88,4448,1631,4,2015
Intel Xeon E3113 @ 3.00GHz,9.79,1429,1282,2,2014
